gene_name,compound_name,source
RBM22,Kaempferol,STITCH
HSD17B2,Kaempferol,STITCH
ESR1,Kaempferol,STITCH
MAPK1,Kaempferol,STITCH
HMOX1,Kaempferol,STITCH
NFKBIA,Kaempferol,STITCH
MMP2,Kaempferol,STITCH
GSR,Kaempferol,STITCH
CCL2,Kaempferol,STITCH
IL2,Kaempferol,STITCH
PPP3R1,Kaempferol,STITCH
ABCG2,Kaempferol,STITCH
TP53I3,Kaempferol,STITCH
PPP3CC,Kaempferol,STITCH
CAT,Kaempferol,STITCH
AHR,Kaempferol,STITCH
ALOX12,Kaempferol,STITCH
UGT2A3,Kaempferol,STITCH
H3-3B,Kaempferol,STITCH
CRP,Kaempferol,STITCH
CCNB1,Kaempferol,STITCH
MAPK3,Kaempferol,STITCH
NOX4,Kaempferol,STITCH
TYR,Kaempferol,STITCH
BCHE,Kaempferol,STITCH
STAT3,Kaempferol,STITCH
MTRR,Kaempferol,STITCH
UGT2B10,Kaempferol,STITCH
ABCB1,Kaempferol,STITCH
CDK6,Kaempferol,STITCH
SQLE,Kaempferol,STITCH
CDK2,Kaempferol,STITCH
RB1,Kaempferol,STITCH
TP53,Kaempferol,STITCH
SOD1,Kaempferol,STITCH
AKT1,Kaempferol,STITCH
UGT3A1,Kaempferol,STITCH
ATM,Kaempferol,STITCH
UGT3A2,Kaempferol,STITCH
AKR1B1,Kaempferol,STITCH
CIB4,Kaempferol,STITCH
ITGA2,Kaempferol,STITCH
CSF2,Kaempferol,STITCH
TNFRSF11B,Kaempferol,STITCH
NOS3,Kaempferol,STITCH
CHP2,Kaempferol,STITCH
UGT1A6,Kaempferol,STITCH
CBR4,Kaempferol,STITCH
UGT2B7,Kaempferol,STITCH
UGT1A1,Kaempferol,STITCH
UGT2B4,Kaempferol,STITCH
CASP3,Kaempferol,STITCH
UGT8,Kaempferol,STITCH
MSRA,Kaempferol,STITCH
NQO1,Kaempferol,STITCH
UGT2B17,Kaempferol,STITCH
NCOA1,Kaempferol,STITCH
MMP1,Kaempferol,STITCH
CYP2B6,Kaempferol,STITCH
NOS2,Kaempferol,STITCH
UPP1,Kaempferol,STITCH
CASP9,Kaempferol,STITCH
CIB1,Kaempferol,STITCH
COQ6,Kaempferol,STITCH
UGT2B28,Kaempferol,STITCH
TESC,Kaempferol,STITCH
GSTA1,Kaempferol,STITCH
CHP1,Kaempferol,STITCH
NR1I2,Kaempferol,STITCH
NOS1,Kaempferol,STITCH
CYP3A4,Kaempferol,STITCH
UGT2B15,Kaempferol,STITCH
CYP1A2,Kaempferol,STITCH
PTGES,Kaempferol,STITCH
UGT1A10,Kaempferol,STITCH
ESR2,Kaempferol,STITCH
UGT1A9,Kaempferol,STITCH
SRC,Kaempferol,STITCH
TYW1,Kaempferol,STITCH
STAT1,Kaempferol,STITCH
KMO,Kaempferol,STITCH
PTGS2,Kaempferol,STITCH
NR1I3,Kaempferol,STITCH
CHUK,Kaempferol,STITCH
LEPROT,Kaempferol,STITCH
JUN,Kaempferol,STITCH
ALDH18A1,Kaempferol,STITCH
NDOR1,Kaempferol,STITCH
MMP9,Kaempferol,STITCH
UGT1A4,Kaempferol,STITCH
UGT1A5,Kaempferol,STITCH
UGT1A7,Kaempferol,STITCH
UGT1A8,Kaempferol,STITCH
ALOX5,Kaempferol,STITCH
PPP3R2,Kaempferol,STITCH
H2AX,Kaempferol,STITCH
XDH,Kaempferol,STITCH
RPS6KA3,Kaempferol,STITCH
CYP1A1,Kaempferol,STITCH
GPX2,Kaempferol,STITCH
PPP3CB,Kaempferol,STITCH
PPP3CA,Kaempferol,STITCH
CDK1,Kaempferol,STITCH
GSTP1,Kaempferol,STITCH
ABCC1,Kaempferol,STITCH
UGT2B11,Kaempferol,STITCH
IGF2,Kaempferol,STITCH
GPX1,Kaempferol,STITCH
SLC2A1,Kaempferol,STITCH
UGT1A3,Kaempferol,STITCH
POR,Kaempferol,STITCH
LEPROTL1,Kaempferol,STITCH
DIO2,Kaempferol,STITCH
HSD17B1,Kaempferol,STITCH
CFTR,Apigenin,STITCH
RBM22,Apigenin,STITCH
ESR1,Apigenin,STITCH
MAPK1,Apigenin,STITCH
CSNK2A1,Apigenin,STITCH
GSR,Apigenin,STITCH
CD38,Apigenin,STITCH
CCND1,Apigenin,STITCH
GMNN,Apigenin,STITCH
ABCG2,Apigenin,STITCH
CAT,Apigenin,STITCH
CDKN1A,Apigenin,STITCH
CCNB1,Apigenin,STITCH
IL6,Apigenin,STITCH
CDKN2C,Apigenin,STITCH
MAPK3,Apigenin,STITCH
NOX4,Apigenin,STITCH
BIRC3,Apigenin,STITCH
BCHE,Apigenin,STITCH
POMC,Apigenin,STITCH
EGF,Apigenin,STITCH
ABCB1,Apigenin,STITCH
CDK6,Apigenin,STITCH
SQLE,Apigenin,STITCH
CDK2,Apigenin,STITCH
TP53,Apigenin,STITCH
AKT1,Apigenin,STITCH
TNFRSF10B,Apigenin,STITCH
TAGLN,Apigenin,STITCH
CAPN1,Apigenin,STITCH
AKR1B1,Apigenin,STITCH
CAPN2,Apigenin,STITCH
REL,Apigenin,STITCH
ANXA5,Apigenin,STITCH
AXL,Apigenin,STITCH
BCL2L1,Apigenin,STITCH
GUSB,Apigenin,STITCH
SLC23A1,Apigenin,STITCH
UGT1A6,Apigenin,STITCH
ACHE,Apigenin,STITCH
UGT1A1,Apigenin,STITCH
CHCHD7,Apigenin,STITCH
CXCL8,Apigenin,STITCH
CASP3,Apigenin,STITCH
NCOA1,Apigenin,STITCH
SULT1A1,Apigenin,STITCH
KARS1,Apigenin,STITCH
BCL2,Apigenin,STITCH
CASP9,Apigenin,STITCH
COQ6,Apigenin,STITCH
NR1I2,Apigenin,STITCH
CYP3A4,Apigenin,STITCH
HIF1A,Apigenin,STITCH
RPL7,Apigenin,STITCH
MAOA,Apigenin,STITCH
PTPN11,Apigenin,STITCH
UGT2B15,Apigenin,STITCH
PTK2,Apigenin,STITCH
CYP1A2,Apigenin,STITCH
UGT1A10,Apigenin,STITCH
ESR2,Apigenin,STITCH
SLC23A2,Apigenin,STITCH
SPAM1,Apigenin,STITCH
RPL7L1,Apigenin,STITCH
UGT1A9,Apigenin,STITCH
FAS,Apigenin,STITCH
GAD1,Apigenin,STITCH
SRC,Apigenin,STITCH
CASP8,Apigenin,STITCH
KMO,Apigenin,STITCH
PARP1,Apigenin,STITCH
PTGS2,Apigenin,STITCH
CASP7,Apigenin,STITCH
CHUK,Apigenin,STITCH
TNKS2,Apigenin,STITCH
VEGFA,Apigenin,STITCH
MMP9,Apigenin,STITCH
UGT1A7,Apigenin,STITCH
UGT1A8,Apigenin,STITCH
MAOB,Apigenin,STITCH
XDH,Apigenin,STITCH
FOXO1,Apigenin,STITCH
CYP1A1,Apigenin,STITCH
SERPINB5,Apigenin,STITCH
GPX2,Apigenin,STITCH
CDK1,Apigenin,STITCH
CAPN11,Apigenin,STITCH
ABCC1,Apigenin,STITCH
ELAVL1,Apigenin,STITCH
CXCR4,Apigenin,STITCH
TOP2B,Apigenin,STITCH
TNF,Apigenin,STITCH
LTA,Apigenin,STITCH
SLC23A3,Apigenin,STITCH
GPX1,Apigenin,STITCH
TOP2A,Apigenin,STITCH
SLC2A1,Apigenin,STITCH
IKBKB,Apigenin,STITCH
VDR,Apigenin,STITCH
HSD17B1,Apigenin,STITCH
SLC25A26,Kumatakenin,STITCH
GPT2,Kumatakenin,STITCH
NTMT1,Kumatakenin,STITCH
ASMT,Kumatakenin,STITCH
ASMTL,Kumatakenin,STITCH
TKFC,Kumatakenin,STITCH
GPT,Kumatakenin,STITCH
NTMT2,Kumatakenin,STITCH
PSMA8,Pratensein,STITCH
PSMA7,Pratensein,STITCH
ESR1,Glycitein,STITCH
MAPK1,Glycitein,STITCH
GALK1,Glycitein,STITCH
CRP,Glycitein,STITCH
CMPK2,Glycitein,STITCH
CDK4,Glycitein,STITCH
MMP13,Glycitein,STITCH
MAPK3,Glycitein,STITCH
GGTLC1,Glycitein,STITCH
NCSTN,Glycitein,STITCH
DTYMK,Glycitein,STITCH
PSEN1,Glycitein,STITCH
SP1,Glycitein,STITCH
GGT7,Glycitein,STITCH
ESR2,Glycitein,STITCH
PSEN2,Glycitein,STITCH
MKI67,Glycitein,STITCH
PREP,Glycitein,STITCH
JUN,Glycitein,STITCH
NTMT1,Glycitein,STITCH
H2AX,Glycitein,STITCH
ASMT,Glycitein,STITCH
ASMTL,Glycitein,STITCH
GGT5,Glycitein,STITCH
NTMT2,Glycitein,STITCH
GGTLC2,Glycitein,STITCH
GALK2,Glycitein,STITCH
GGT6,Glycitein,STITCH
ESRRA,Genistein,STITCH
CFTR,Genistein,STITCH
CDH17,Genistein,STITCH
KCNQ1,Genistein,STITCH
TNFRSF1A,Genistein,STITCH
FGF4,Genistein,STITCH
FGF20,Genistein,STITCH
PCDHB4,Genistein,STITCH
PCDHB2,Genistein,STITCH
ESR1,Genistein,STITCH
GSTA3,Genistein,STITCH
MAPK13,Genistein,STITCH
VCL,Genistein,STITCH
SIRT1,Genistein,STITCH
FGF22,Genistein,STITCH
SERPIND1,Genistein,STITCH
MAPK1,Genistein,STITCH
HMOX1,Genistein,STITCH
MYH9,Genistein,STITCH
NFKBIA,Genistein,STITCH
CYP24A1,Genistein,STITCH
TIMP1,Genistein,STITCH
MMP2,Genistein,STITCH
TGFB1,Genistein,STITCH
HAS1,Genistein,STITCH
FGF21,Genistein,STITCH
HAMP,Genistein,STITCH
CYP3A43,Genistein,STITCH
HGF,Genistein,STITCH
CYP3A5,Genistein,STITCH
SERPINE1,Genistein,STITCH
ACTA2,Genistein,STITCH
CCL2,Genistein,STITCH
CCL13,Genistein,STITCH
SULT1E1,Genistein,STITCH
IL2,Genistein,STITCH
CCND1,Genistein,STITCH
PXN,Genistein,STITCH
CYP27B1,Genistein,STITCH
GLI1,Genistein,STITCH
FGF6,Genistein,STITCH
CDKN1B,Genistein,STITCH
IFNG,Genistein,STITCH
LDHB,Genistein,STITCH
HBEGF,Genistein,STITCH
CDH9,Genistein,STITCH
PCDHB3,Genistein,STITCH
PCDHB5,Genistein,STITCH
PCDHB6,Genistein,STITCH
PCDHB7,Genistein,STITCH
PCDHB15,Genistein,STITCH
PCDH12,Genistein,STITCH
LTF,Genistein,STITCH
MFN2,Genistein,STITCH
TTR,Genistein,STITCH
ABCG2,Genistein,STITCH
FGF23,Genistein,STITCH
SERPINB10,Genistein,STITCH
TP53I3,Genistein,STITCH
PCDHB8,Genistein,STITCH
PCDHB10,Genistein,STITCH
PCDHB14,Genistein,STITCH
PCDHB12,Genistein,STITCH
EGR1,Genistein,STITCH
CAT,Genistein,STITCH
TNFSF10,Genistein,STITCH
FLT3,Genistein,STITCH
INHBA,Genistein,STITCH
AKR1D1,Genistein,STITCH
PLCG1,Genistein,STITCH
CDKN1A,Genistein,STITCH
C3,Genistein,STITCH
FOSB,Genistein,STITCH
SLC35A2,Genistein,STITCH
SGPP1,Genistein,STITCH
TUBA4A,Genistein,STITCH
MAST1,Genistein,STITCH
PLPPR2,Genistein,STITCH
RAF1,Genistein,STITCH
PCDHGA12,Genistein,STITCH
PCDHGC5,Genistein,STITCH
KRT5,Genistein,STITCH
EPO,Genistein,STITCH
GDF15,Genistein,STITCH
PCDHAC1,Genistein,STITCH
PCDHGA3,Genistein,STITCH
SERPINF1,Genistein,STITCH
KRAS,Genistein,STITCH
MBD2,Genistein,STITCH
CCNB1,Genistein,STITCH
SLCO1B1,Genistein,STITCH
DSG3,Genistein,STITCH
DSG1,Genistein,STITCH
DSC1,Genistein,STITCH
CDK4,Genistein,STITCH
IL6,Genistein,STITCH
GGH,Genistein,STITCH
SLC40A1,Genistein,STITCH
SLCO1B3,Genistein,STITCH
DSG2,Genistein,STITCH
CDH1,Genistein,STITCH
PDGFRB,Genistein,STITCH
CDHR2,Genistein,STITCH
SERPINA10,Genistein,STITCH
CDH19,Genistein,STITCH
CRISPLD1,Genistein,STITCH
MAP2K4,Genistein,STITCH
SLC12A2,Genistein,STITCH
NHERF1,Genistein,STITCH
ZBTB32,Genistein,STITCH
CDH20,Genistein,STITCH
MAST3,Genistein,STITCH
TRPC5,Genistein,STITCH
MAP2K2,Genistein,STITCH
MAPK3,Genistein,STITCH
ABCA7,Genistein,STITCH
AKR1C4,Genistein,STITCH
ARFGAP3,Genistein,STITCH
IL1A,Genistein,STITCH
IL1B,Genistein,STITCH
PRKCG,Genistein,STITCH
APLP2,Genistein,STITCH
KDR,Genistein,STITCH
PIK3CA,Genistein,STITCH
CDH3,Genistein,STITCH
PCDH10,Genistein,STITCH
CDH10,Genistein,STITCH
FGF2,Genistein,STITCH
STAT3,Genistein,STITCH
FGF10,Genistein,STITCH
MTRR,Genistein,STITCH
SERPINI2,Genistein,STITCH
DNMT3A,Genistein,STITCH
PLPP1,Genistein,STITCH
CDH6,Genistein,STITCH
EGF,Genistein,STITCH
PRKAR2A,Genistein,STITCH
CPT1A,Genistein,STITCH
ABCB1,Genistein,STITCH
CDK6,Genistein,STITCH
GET4,Genistein,STITCH
CDK2,Genistein,STITCH
ERBB3,Genistein,STITCH
KRT71,Genistein,STITCH
RB1,Genistein,STITCH
CDH24,Genistein,STITCH
FGF7,Genistein,STITCH
TTBK2,Genistein,STITCH
CDH11,Genistein,STITCH
ABCA8,Genistein,STITCH
ABCA10,Genistein,STITCH
CDH2,Genistein,STITCH
MYH10,Genistein,STITCH
TP53,Genistein,STITCH
SERPINB12,Genistein,STITCH
ERBB2,Genistein,STITCH
BCKDHA,Genistein,STITCH
SOD1,Genistein,STITCH
AKT1,Genistein,STITCH
ABCG8,Genistein,STITCH
ABCA12,Genistein,STITCH
CCNA2,Genistein,STITCH
CDH18,Genistein,STITCH
FGF18,Genistein,STITCH
EGFR,Genistein,STITCH
SERPING1,Genistein,STITCH
ATM,Genistein,STITCH
CAPN1,Genistein,STITCH
LDHC,Genistein,STITCH
DSC2,Genistein,STITCH
PABPC3,Genistein,STITCH
PDK1,Genistein,STITCH
FLT1,Genistein,STITCH
SERPINB3,Genistein,STITCH
TMPRSS11D,Genistein,STITCH
HOXA10,Genistein,STITCH
ABCA6,Genistein,STITCH
ABCC3,Genistein,STITCH
CA2,Genistein,STITCH
AKR1B1,Genistein,STITCH
PPARG,Genistein,STITCH
CCNB2,Genistein,STITCH
DUSP2,Genistein,STITCH
PCDHAC2,Genistein,STITCH
PCDHA13,Genistein,STITCH
CDH15,Genistein,STITCH
ATP5PO,Genistein,STITCH
BAX,Genistein,STITCH
WNT1,Genistein,STITCH
KRT72,Genistein,STITCH
FGF11,Genistein,STITCH
FGF19,Genistein,STITCH
VCAM1,Genistein,STITCH
ACTG2,Genistein,STITCH
INHBB,Genistein,STITCH
TGFA,Genistein,STITCH
ALPG,Genistein,STITCH
SERPINI1,Genistein,STITCH
MELTF,Genistein,STITCH
IL15,Genistein,STITCH
CAMLG,Genistein,STITCH
TNFRSF11B,Genistein,STITCH
GPER1,Genistein,STITCH
NOS3,Genistein,STITCH
AKR1E2,Genistein,STITCH
SERPINA4,Genistein,STITCH
CKB,Genistein,STITCH
ILK,Genistein,STITCH
SERPINB2,Genistein,STITCH
CDH16,Genistein,STITCH
PLK1,Genistein,STITCH
ABCA3,Genistein,STITCH
CCL11,Genistein,STITCH
MAP2K1,Genistein,STITCH
BCL2L1,Genistein,STITCH
IGF1,Genistein,STITCH
PCDHA10,Genistein,STITCH
MAGI3,Genistein,STITCH
DTYMK,Genistein,STITCH
UGT1A1,Genistein,STITCH
IRS1,Genistein,STITCH
CEBPB,Genistein,STITCH
CXCL10,Genistein,STITCH
FOS,Genistein,STITCH
CXCL8,Genistein,STITCH
PCDHGC4,Genistein,STITCH
HAS2,Genistein,STITCH
KRT73,Genistein,STITCH
PCDHB1,Genistein,STITCH
KRT74,Genistein,STITCH
GLUL,Genistein,STITCH
OLR1,Genistein,STITCH
SLC26A7,Genistein,STITCH
TERT,Genistein,STITCH
HRAS,Genistein,STITCH
CASP3,Genistein,STITCH
FGF5,Genistein,STITCH
PCDHGC3,Genistein,STITCH
AKR1A1,Genistein,STITCH
LEP,Genistein,STITCH
PABPC1,Genistein,STITCH
KLK3,Genistein,STITCH
SGPP2,Genistein,STITCH
RHOJ,Genistein,STITCH
TPO,Genistein,STITCH
BID,Genistein,STITCH
CDH7,Genistein,STITCH
NQO1,Genistein,STITCH
NCOA1,Genistein,STITCH
CDC25C,Genistein,STITCH
FGF8,Genistein,STITCH
SERPINF2,Genistein,STITCH
PTH1R,Genistein,STITCH
MMP1,Genistein,STITCH
FOXJ1,Genistein,STITCH
GSK3B,Genistein,STITCH
PGR,Genistein,STITCH
CDHR3,Genistein,STITCH
PSEN1,Genistein,STITCH
BHLHA15,Genistein,STITCH
NOS2,Genistein,STITCH
DNMT3B,Genistein,STITCH
SP1,Genistein,STITCH
SERPINA7,Genistein,STITCH
BCL2,Genistein,STITCH
PLPP2,Genistein,STITCH
CASP9,Genistein,STITCH
PDGFB,Genistein,STITCH
SERPINB8,Genistein,STITCH
PTK2B,Genistein,STITCH
SERPINA5,Genistein,STITCH
MAPK11,Genistein,STITCH
FGF3,Genistein,STITCH
SERPINA11,Genistein,STITCH
GSTA1,Genistein,STITCH
SERPINA9,Genistein,STITCH
SERPINB7,Genistein,STITCH
CYP3A7,Genistein,STITCH
NOS1,Genistein,STITCH
CYP3A4,Genistein,STITCH
HIF1A,Genistein,STITCH
ZBTB16,Genistein,STITCH
HLCS,Genistein,STITCH
FGF1,Genistein,STITCH
GRB2,Genistein,STITCH
CAV1,Genistein,STITCH
CDH26,Genistein,STITCH
FOXO3,Genistein,STITCH
MAOA,Genistein,STITCH
PTK2,Genistein,STITCH
SERPINB13,Genistein,STITCH
CYP1A2,Genistein,STITCH
SLPI,Genistein,STITCH
SERPINA12,Genistein,STITCH
ABCA9,Genistein,STITCH
ERBB4,Genistein,STITCH
FOXM1,Genistein,STITCH
SERPINA6,Genistein,STITCH
SERPINB4,Genistein,STITCH
UGT1A10,Genistein,STITCH
ESR2,Genistein,STITCH
CDH5,Genistein,STITCH
ABCA2,Genistein,STITCH
ATF3,Genistein,STITCH
BTG3,Genistein,STITCH
PCDHB13,Genistein,STITCH
NEDD4,Genistein,STITCH
UGT1A9,Genistein,STITCH
PCDHB11,Genistein,STITCH
OCLN,Genistein,STITCH
WARS1,Genistein,STITCH
EFEMP1,Genistein,STITCH
COL18A1,Genistein,STITCH
XIAP,Genistein,STITCH
VAT1,Genistein,STITCH
DNM2,Genistein,STITCH
RET,Genistein,STITCH
SERPINA1,Genistein,STITCH
SREBF1,Genistein,STITCH
DCHS2,Genistein,STITCH
SERPINH1,Genistein,STITCH
SRC,Genistein,STITCH
CDHR5,Genistein,STITCH
FGF17,Genistein,STITCH
DNMT1,Genistein,STITCH
AKR1B10,Genistein,STITCH
TYW1,Genistein,STITCH
DSG4,Genistein,STITCH
MDK,Genistein,STITCH
ETS2,Genistein,STITCH
NR4A1,Genistein,STITCH
MYLK,Genistein,STITCH
MAPK8,Genistein,STITCH
DSC3,Genistein,STITCH
STAT1,Genistein,STITCH
COMT,Genistein,STITCH
MAST2,Genistein,STITCH
PCDH15,Genistein,STITCH
ABCG1,Genistein,STITCH
PCDH18,Genistein,STITCH
PCDH11Y,Genistein,STITCH
AGT,Genistein,STITCH
PARP1,Genistein,STITCH
PTGS2,Genistein,STITCH
SERPINC1,Genistein,STITCH
NRAS,Genistein,STITCH
ABCA4,Genistein,STITCH
DIRAS3,Genistein,STITCH
GADD45A,Genistein,STITCH
JUN,Genistein,STITCH
PLPP3,Genistein,STITCH
CYP2C8,Genistein,STITCH
NDOR1,Genistein,STITCH
PTEN,Genistein,STITCH
VEGFA,Genistein,STITCH
CDHR1,Genistein,STITCH
MMP9,Genistein,STITCH
ABL1,Genistein,STITCH
COMTD1,Genistein,STITCH
DOLPP1,Genistein,STITCH
PLAU,Genistein,STITCH
PCDH19,Genistein,STITCH
PCDH11X,Genistein,STITCH
UGT1A7,Genistein,STITCH
UGT1A8,Genistein,STITCH
DKK1,Genistein,STITCH
PRKG1,Genistein,STITCH
PTPN3,Genistein,STITCH
AR,Genistein,STITCH
HSPG2,Genistein,STITCH
AOX1,Genistein,STITCH
ABCA1,Genistein,STITCH
ALPL,Genistein,STITCH
MYLK2,Genistein,STITCH
FGF14,Genistein,STITCH
ABI1,Genistein,STITCH
MTHFR,Genistein,STITCH
SHB,Genistein,STITCH
PCDH9,Genistein,STITCH
SLC3A2,Genistein,STITCH
PCDH17,Genistein,STITCH
PCDH8,Genistein,STITCH
MYC,Genistein,STITCH
CCL7,Genistein,STITCH
BMP2,Genistein,STITCH
DVL1,Genistein,STITCH
PCNA,Genistein,STITCH
EDN1,Genistein,STITCH
FOXO1,Genistein,STITCH
CYP1A1,Genistein,STITCH
KL,Genistein,STITCH
BRCA2,Genistein,STITCH
S100G,Genistein,STITCH
SHBG,Genistein,STITCH
AKR1C3,Genistein,STITCH
SERPINB9,Genistein,STITCH
SERPINB1,Genistein,STITCH
AKR1C2,Genistein,STITCH
AKR1C1,Genistein,STITCH
ESRRB,Genistein,STITCH
ASAH1,Genistein,STITCH
CDH12,Genistein,STITCH
FGF9,Genistein,STITCH
CHEK2,Genistein,STITCH
RAD51,Genistein,STITCH
SERPINB5,Genistein,STITCH
ALPP,Genistein,STITCH
ABCA5,Genistein,STITCH
SERPINA3,Genistein,STITCH
NUMA1,Genistein,STITCH
FAT4,Genistein,STITCH
PCDHGA2,Genistein,STITCH
CCL8,Genistein,STITCH
MYLK3,Genistein,STITCH
LIMA1,Genistein,STITCH
CDK1,Genistein,STITCH
CXCL12,Genistein,STITCH
FOXB1,Genistein,STITCH
PLPP4,Genistein,STITCH
PCDHGA11,Genistein,STITCH
PCDHGB7,Genistein,STITCH
MX1,Genistein,STITCH
PCDHGA8,Genistein,STITCH
PCDHGA10,Genistein,STITCH
PCDHA12,Genistein,STITCH
PCDHA11,Genistein,STITCH
ABCC1,Genistein,STITCH
TCL1A,Genistein,STITCH
TF,Genistein,STITCH
HMSD,Genistein,STITCH
CXCR4,Genistein,STITCH
CREB1,Genistein,STITCH
CHEK1,Genistein,STITCH
AKR1B15,Genistein,STITCH
PLPP5,Genistein,STITCH
TOP2B,Genistein,STITCH
CD44,Genistein,STITCH
TNF,Genistein,STITCH
FGF16,Genistein,STITCH
NCOA2,Genistein,STITCH
SHC1,Genistein,STITCH
PSMC6,Genistein,STITCH
LTA,Genistein,STITCH
GPX1,Genistein,STITCH
CDH13,Genistein,STITCH
PRKCA,Genistein,STITCH
GDNF,Genistein,STITCH
ABCA13,Genistein,STITCH
TOP2A,Genistein,STITCH
GLRA1,Genistein,STITCH
FGF12,Genistein,STITCH
SERPINE2,Genistein,STITCH
SLC2A1,Genistein,STITCH
TGFBI,Genistein,STITCH
NELL2,Genistein,STITCH
ACTBL2,Genistein,STITCH
ANP32A,Genistein,STITCH
UGT1A3,Genistein,STITCH
BRCA1,Genistein,STITCH
POR,Genistein,STITCH
GSTA2,Genistein,STITCH
PCDHA1,Genistein,STITCH
PCDHGB4,Genistein,STITCH
SERPINE3,Genistein,STITCH
PCDHGB6,Genistein,STITCH
PCDHGB2,Genistein,STITCH
PCDHGB1,Genistein,STITCH
PCDHGA6,Genistein,STITCH
PCDHA3,Genistein,STITCH
PCDHGA5,Genistein,STITCH
PCDHGA7,Genistein,STITCH
PCDHGA1,Genistein,STITCH
PCDHA2,Genistein,STITCH
PBOV1,Genistein,STITCH
PCDHA6,Genistein,STITCH
CLNS1A,Genistein,STITCH
ARFGAP2,Genistein,STITCH
PCDHA8,Genistein,STITCH
PCDHA4,Genistein,STITCH
PCDHA9,Genistein,STITCH
PCDHA7,Genistein,STITCH
PCDHA5,Genistein,STITCH
PGAM5,Genistein,STITCH
VDR,Genistein,STITCH
MGAM,Genistein,STITCH
DDIT3,Genistein,STITCH
APAF1,Genistein,STITCH
PCDHGA4,Genistein,STITCH
PCDHGA9,Genistein,STITCH
PCDHGB3,Genistein,STITCH
POLI,Genistein,STITCH
CDH8,Genistein,STITCH
HSD17B1,Genistein,STITCH
COPB1,Diphyllin,STITCH
ATP6V0A4,Diphyllin,STITCH
COPZ1,Diphyllin,STITCH
CSE1L,Diphyllin,STITCH
ARCN1,Diphyllin,STITCH
RPS11,Diphyllin,STITCH
ATP6V0D2,Diphyllin,STITCH
ATP6V0D1,Diphyllin,STITCH
ANTXR1,Diphyllin,STITCH
TENT5A,Diphyllin,STITCH
COPG1,Diphyllin,STITCH
COPB2,Diphyllin,STITCH
TENT5C,Diphyllin,STITCH
ADRA1A,Diphyllin,STITCH
CLCN7,Diphyllin,STITCH
TMPRSS13,Diphyllin,STITCH
ESR1,Emodin,STITCH
CSNK2A1,Emodin,STITCH
DECR2,Emodin,STITCH
CDIPT,Emodin,STITCH
DECR1,Emodin,STITCH
COX6A1,Emodin,STITCH
MAPRE3,Emodin,STITCH
ADAT2,Emodin,STITCH
RDH10,Emodin,STITCH
TWIST1,Emodin,STITCH
LRP1,Emodin,STITCH
SAFB2,Emodin,STITCH
TMEM63B,Emodin,STITCH
FDX1,Emodin,STITCH
HSD11B1,Emodin,STITCH
HSD17B14,Emodin,STITCH
EED,Emodin,STITCH
COQ10B,Emodin,STITCH
STAT3,Emodin,STITCH
MTRR,Emodin,STITCH
PECR,Emodin,STITCH
RDH12,Emodin,STITCH
BCL2A1,Emodin,STITCH
TP53,Emodin,STITCH
ERBB2,Emodin,STITCH
AKT1,Emodin,STITCH
ATM,Emodin,STITCH
DHRS12,Emodin,STITCH
TMPRSS11D,Emodin,STITCH
CEBPG,Emodin,STITCH
COX6A2,Emodin,STITCH
DHRS1,Emodin,STITCH
CBR1,Emodin,STITCH
CBR3,Emodin,STITCH
C2orf81,Emodin,STITCH
SAFB,Emodin,STITCH
BDH2,Emodin,STITCH
HPGD,Emodin,STITCH
CSF2,Emodin,STITCH
NOS3,Emodin,STITCH
KLHDC2,Emodin,STITCH
TMEM63C,Emodin,STITCH
ILK,Emodin,STITCH
MAPRE2,Emodin,STITCH
BCL2L1,Emodin,STITCH
CBR4,Emodin,STITCH
FASN,Emodin,STITCH
UGT1A1,Emodin,STITCH
PPM1D,Emodin,STITCH
SDR16C5,Emodin,STITCH
CYCS,Emodin,STITCH
BCL2L14,Emodin,STITCH
CASP3,Emodin,STITCH
COQ10A,Emodin,STITCH
KLHDC3,Emodin,STITCH
BOK,Emodin,STITCH
CHDH,Emodin,STITCH
ADIPOQ,Emodin,STITCH
SLC2A4,Emodin,STITCH
DHRS4,Emodin,STITCH
NOS2,Emodin,STITCH
DHRS7C,Emodin,STITCH
BCL2,Emodin,STITCH
PTP4A3,Emodin,STITCH
HSD17B13,Emodin,STITCH
DHRSX,Emodin,STITCH
KLHDC10,Emodin,STITCH
DHRS4L2,Emodin,STITCH
NOS1,Emodin,STITCH
LCK,Emodin,STITCH
UGT2B15,Emodin,STITCH
JAK1,Emodin,STITCH
UGT1A10,Emodin,STITCH
ESR2,Emodin,STITCH
DHRS2,Emodin,STITCH
UGT1A9,Emodin,STITCH
FN1,Emodin,STITCH
SRC,Emodin,STITCH
HSD17B11,Emodin,STITCH
KLHDC1,Emodin,STITCH
TYW1,Emodin,STITCH
MACF1,Emodin,STITCH
ACTA1,Emodin,STITCH
PARP1,Emodin,STITCH
TMEM63A,Emodin,STITCH
NR1I3,Emodin,STITCH
KLHDC9,Emodin,STITCH
MCL1,Emodin,STITCH
NDOR1,Emodin,STITCH
VEGFA,Emodin,STITCH
PLAU,Emodin,STITCH
SGPL1,Emodin,STITCH
UGT1A7,Emodin,STITCH
UGT1A8,Emodin,STITCH
RABEPK,Emodin,STITCH
HSD17B8,Emodin,STITCH
AR,Emodin,STITCH
MAPRE1,Emodin,STITCH
FBXO42,Emodin,STITCH
NPPA,Emodin,STITCH
CRLS1,Emodin,STITCH
DHRS13,Emodin,STITCH
RIOK1,Emodin,STITCH
NKX3-1,Emodin,STITCH
RDH14,Emodin,STITCH
RDH11,Emodin,STITCH
JAK2,Emodin,STITCH
FDX2,Emodin,STITCH
DHRS7B,Emodin,STITCH
HSDL2,Emodin,STITCH
CXCR4,Emodin,STITCH
RDH13,Emodin,STITCH
TNF,Emodin,STITCH
HSD11B1L,Emodin,STITCH
TOP2A,Emodin,STITCH
POR,Emodin,STITCH
TXNRD1,Emodin,STITCH
BCL2L2-PABPN1,Emodin,STITCH
HSD17B1,Emodin,STITCH
PTGS1,Apigenin,TCMSP
AR,Apigenin,TCMSP
PTGS2,Apigenin,TCMSP
NCOA2,Apigenin,TCMSP
SCN5A,Apigenin,TCMSP
RELA,Apigenin,TCMSP
AKT1,Apigenin,TCMSP
CCND1,Apigenin,TCMSP
BCL2,Apigenin,TCMSP
BCL2L1,Apigenin,TCMSP
CDKN1A,Apigenin,TCMSP
BAX,Apigenin,TCMSP
RB1,Apigenin,TCMSP
EEF1E1,Apigenin,TCMSP
AHSA1,Apigenin,TCMSP
TP53,Apigenin,TCMSP
NFKBIA,Apigenin,TCMSP
ODC1,Apigenin,TCMSP
MDM2,Apigenin,TCMSP
HIF1A,Apigenin,TCMSP
RUNX1T1,Apigenin,TCMSP
ACACA,Apigenin,TCMSP
ICAM1,Apigenin,TCMSP
MCL1,Apigenin,TCMSP
CCND2,Apigenin,TCMSP
IL2,Apigenin,TCMSP
CCNB1,Apigenin,TCMSP
SERPINE1,Apigenin,TCMSP
IFNG,Apigenin,TCMSP
IL4,Apigenin,TCMSP
IKBKG,Apigenin,TCMSP
PSMD3,Apigenin,TCMSP
SLC2A4,Apigenin,TCMSP
CYCS,Apigenin,TCMSP
AAGAB,Apigenin,TCMSP
IL13,Apigenin,TCMSP
MS4A2,Apigenin,TCMSP
ALPI,Apigenin,TCMSP
PSME3,Apigenin,TCMSP
APC,Apigenin,TCMSP
TRPM2,Apigenin,TCMSP
AKR1C3,Apigenin,TCMSP
ALG5,Apigenin,TCMSP
NOS2,Kumatakenin,TCMSP
PTGS1,Kumatakenin,TCMSP
AR,Kumatakenin,TCMSP
SCN5A,Kumatakenin,TCMSP
PTGS2,Kumatakenin,TCMSP
ESR2,Kumatakenin,TCMSP
CHEK1,Kumatakenin,TCMSP
NCOA2,Kumatakenin,TCMSP
NOS2,Kaempferol,TCMSP
PTGS1,Kaempferol,TCMSP
AR,Kaempferol,TCMSP
PTGS2,Kaempferol,TCMSP
NCOA2,Kaempferol,TCMSP
PGR,Kaempferol,TCMSP
CHRM1,Kaempferol,TCMSP
ACHE,Kaempferol,TCMSP
SLC6A2,Kaempferol,TCMSP
CHRM2,Kaempferol,TCMSP
ADRA1B,Kaempferol,TCMSP
RELA,Kaempferol,TCMSP
IKBKB,Kaempferol,TCMSP
AKT1,Kaempferol,TCMSP
BCL2,Kaempferol,TCMSP
BAX,Kaempferol,TCMSP
AHSA1,Kaempferol,TCMSP
MAPK8,Kaempferol,TCMSP
STAT1,Kaempferol,TCMSP
PPARG,Kaempferol,TCMSP
CYP1A1,Kaempferol,TCMSP
ICAM1,Kaempferol,TCMSP
SELE,Kaempferol,TCMSP
NR1I2,Kaempferol,TCMSP
CYP1B1,Kaempferol,TCMSP
HAS2,Kaempferol,TCMSP
GSTP1,Kaempferol,TCMSP
AHR,Kaempferol,TCMSP
PSMD3,Kaempferol,TCMSP
SLC2A4,Kaempferol,TCMSP
NR1I3,Kaempferol,TCMSP
DIO1,Kaempferol,TCMSP
GSTM1,Kaempferol,TCMSP
GSTM2,Kaempferol,TCMSP
AKR1C3,Kaempferol,TCMSP
SLPI,Kaempferol,TCMSP
PTGS1,Emodin,TCMSP
PTGS2,Emodin,TCMSP
KDR,Emodin,TCMSP
NCOA2,Emodin,TCMSP
NCOA1,Emodin,TCMSP
CDKN1A,Emodin,TCMSP
FLT1,Emodin,TCMSP
TP53,Emodin,TCMSP
PRKCE,Emodin,TCMSP
PPARG,Emodin,TCMSP
MYC,Emodin,TCMSP
CYP1A1,Emodin,TCMSP
IL1B,Emodin,TCMSP
CSF2,Emodin,TCMSP
MAOB,Emodin,TCMSP
BTK,Emodin,TCMSP
SLC2A4,Emodin,TCMSP
FLT4,Emodin,TCMSP
SLC2A1,Emodin,TCMSP
PTGS1,Genistein,TCMSP
ESR1,Genistein,TCMSP
PTGS2,Genistein,TCMSP
MAPK14,Genistein,TCMSP
CHEK1,Genistein,TCMSP
RELA,Genistein,TCMSP
EGFR,Genistein,TCMSP
STAT3,Genistein,TCMSP
AKT1,Genistein,TCMSP
BCL2,Genistein,TCMSP
CDKN1A,Genistein,TCMSP
BAX,Genistein,TCMSP
MAPK3,Genistein,TCMSP
MAPK1,Genistein,TCMSP
NOS2,Genistein,TCMSP
AHSA1,Genistein,TCMSP
TP53,Genistein,TCMSP
LDLR,Genistein,TCMSP
MDM2,Genistein,TCMSP
RASGRF2,Genistein,TCMSP
RAF1,Genistein,TCMSP
TEP1,Genistein,TCMSP
TIMP1,Genistein,TCMSP
HIF1A,Genistein,TCMSP
STAT1,Genistein,TCMSP
ERBB2,Genistein,TCMSP
AR,Genistein,TCMSP
PPARG,Genistein,TCMSP
ICAM1,Genistein,TCMSP
IL1B,Genistein,TCMSP
CCL2,Genistein,TCMSP
SELE,Genistein,TCMSP
SOD2,Genistein,TCMSP
BIRC5,Genistein,TCMSP
CCNB1,Genistein,TCMSP
CDC25C,Genistein,TCMSP
HMGCR,Genistein,TCMSP
BTK,Genistein,TCMSP
PLK2,Genistein,TCMSP
GFAP,Genistein,TCMSP
CHEK2,Genistein,TCMSP
PPARA,Genistein,TCMSP
PCOLCE,Genistein,TCMSP
ATM,Genistein,TCMSP
PBK,Genistein,TCMSP
BUB1,Genistein,TCMSP
CDC20,Genistein,TCMSP
KLK3,Genistein,TCMSP
HDAC6,Genistein,TCMSP
MAP2K5,Genistein,TCMSP
MAPK12,Genistein,TCMSP
PLK1,Genistein,TCMSP
CCNB1IP1,Genistein,TCMSP
MDC1,Genistein,TCMSP
SAFB,Genistein,TCMSP
CFTR,Genistein,TCMSP
NCOR1,Genistein,TCMSP
PTGER2,Genistein,TCMSP
PTGFR,Genistein,TCMSP
GLB1,Genistein,TCMSP
SYK,Genistein,TCMSP
PTGS1,Diphyllin,TCMSP
KCNH2,Diphyllin,TCMSP
PTGS2,Diphyllin,TCMSP
NCOA1,Diphyllin,TCMSP
NOS2,Pratensein,TCMSP
PTGS1,Pratensein,TCMSP
ESR1,Pratensein,TCMSP
AR,Pratensein,TCMSP
PTGS2,Pratensein,TCMSP
ESR2,Pratensein,TCMSP
MAPK14,Pratensein,TCMSP
GSK3B,Pratensein,TCMSP
CHEK1,Pratensein,TCMSP
CCNA2,Pratensein,TCMSP
NCOA2,Pratensein,TCMSP
PTGS1,Glycitein,TCMSP
ESR1,Glycitein,TCMSP
AR,Glycitein,TCMSP
PTGS2,Glycitein,TCMSP
RXRA,Glycitein,TCMSP
ESR2,Glycitein,TCMSP
MAPK14,Glycitein,TCMSP
GSK3B,Glycitein,TCMSP
CHEK1,Glycitein,TCMSP
CCNA2,Glycitein,TCMSP
NCOA1,Glycitein,TCMSP
NOS2,Glycitein,TCMSP
MMP13,Glycitein,TCMSP
MMP8,Glycitein,TCMSP
MAP2,Pratensein,CHEMBL
MAOA,Pratensein,CHEMBL
AKR1B10,Pratensein,CHEMBL
DRD5,Pratensein,CHEMBL
KDM1A,Pratensein,CHEMBL
ALPL,Pratensein,CHEMBL
KMO,Pratensein,CHEMBL
CCR9,Pratensein,CHEMBL
ROS1,Pratensein,CHEMBL
XDH,Pratensein,CHEMBL
FBP1,Pratensein,CHEMBL
PPIA,Pratensein,CHEMBL
CA7,Genistein,CHEMBL
MKNK1,Genistein,CHEMBL
ESR2,Genistein,CHEMBL
ALPL,Genistein,CHEMBL
KMO,Genistein,CHEMBL
CA12,Genistein,CHEMBL
ROS1,Genistein,CHEMBL
BCAT2,Genistein,CHEMBL
CYP1A2,Genistein,CHEMBL
MAOA,Apigenin,CHEMBL
ACHE,Apigenin,CHEMBL
CA7,Apigenin,CHEMBL
MKNK1,Apigenin,CHEMBL
ALPL,Apigenin,CHEMBL
KMO,Apigenin,CHEMBL
ADORA2B,Apigenin,CHEMBL
ROS1,Apigenin,CHEMBL
BCAT2,Apigenin,CHEMBL
CYP1A2,Apigenin,CHEMBL
CA7,Emodin,CHEMBL
KDM5C,Emodin,CHEMBL
IDO1,Emodin,CHEMBL
ALPL,Emodin,CHEMBL
KMO,Emodin,CHEMBL
CA12,Emodin,CHEMBL
ROS1,Emodin,CHEMBL
NAAA,Emodin,CHEMBL
MAP2,Glycitein,CHEMBL
DRD5,Glycitein,CHEMBL
MKNK1,Glycitein,CHEMBL
CCR9,Glycitein,CHEMBL
ROS1,Glycitein,CHEMBL
BCAT2,Glycitein,CHEMBL
MAP2,Kumatakenin,CHEMBL
AKR1B10,Kumatakenin,CHEMBL
IDO1,Kumatakenin,CHEMBL
MKNK1,Kumatakenin,CHEMBL
ALPL,Kumatakenin,CHEMBL
KMO,Kumatakenin,CHEMBL
FLT1,Kumatakenin,CHEMBL
ADORA2B,Kumatakenin,CHEMBL
CCR9,Kumatakenin,CHEMBL
ROS1,Kumatakenin,CHEMBL
BCAT2,Kumatakenin,CHEMBL
CYP1A2,Kumatakenin,CHEMBL
NQO2,Kumatakenin,CHEMBL
PPIA,Kumatakenin,CHEMBL
MAP2,Diphyllin,CHEMBL
PTGES,Diphyllin,CHEMBL
MKNK1,Diphyllin,CHEMBL
HSP90AA1,Diphyllin,CHEMBL
KDM1A,Diphyllin,CHEMBL
ALPL,Diphyllin,CHEMBL
KMO,Diphyllin,CHEMBL
FLT1,Diphyllin,CHEMBL
PIK3CD,Diphyllin,CHEMBL
ROS1,Diphyllin,CHEMBL
BCAT2,Diphyllin,CHEMBL
AOC3,Diphyllin,CHEMBL
MAOA,Kaempferol,CHEMBL
CA7,Kaempferol,CHEMBL
MKNK1,Kaempferol,CHEMBL
ALPL,Kaempferol,CHEMBL
KMO,Kaempferol,CHEMBL
CCR9,Kaempferol,CHEMBL
HSD17B2,Kaempferol,CHEMBL
ROS1,Kaempferol,CHEMBL
CYP1A2,Kaempferol,CHEMBL
NQO2,Kaempferol,CHEMBL
PPIA,Kaempferol,CHEMBL
AOC3,Kaempferol,CHEMBL
