gene_name,ingredient_name
HMOX1,Sauchinone
HMOX2,Sauchinone
MTRR,Sauchinone
NOS3,Sauchinone
NOS2,Sauchinone
NOS1,Sauchinone
TYW1,Sauchinone
NDOR1,Sauchinone
NFE2L2,Sauchinone
POR,Sauchinone
MAX,N-[2-(4-hydroxyphenyl)ethyl]acetamide
MAPK1,Phenethyl caffeate
RARA,Phenethyl caffeate
TYR,Phenethyl caffeate
N/A,Phenethyl caffeate
EGFR,Phenethyl caffeate
AKR1B1,Phenethyl caffeate
PDF,Phenethyl caffeate
NOS3,Phenethyl caffeate
CCL11,Phenethyl caffeate
NOS2,Phenethyl caffeate
NOS1,Phenethyl caffeate
PTK2,Phenethyl caffeate
APOD,Phenethyl caffeate
AKR1B10,Phenethyl caffeate
PTGS1,Phenethyl caffeate
RBL1,Phenethyl caffeate
RELA,Phenethyl caffeate
BCAR1,Phenethyl caffeate
STRADB,Artesunate
RPL6,Artesunate
N/A,Artesunate
RPS12,Artesunate
CAT,Artesunate
GSTM2,Artesunate
GAD2,Artesunate
BST1,Artesunate
ABCB1,Artesunate
HPX,Artesunate
CSAD,Artesunate
GADL1,Artesunate
FZD7,Artesunate
CCT2,Artesunate
ITGB1,Artesunate
ZBTB4,Artesunate
CASP3,Artesunate
OXSR1,Artesunate
TYMS,Artesunate
RPS15A,Artesunate
SLC25A19,Artesunate
TUFM,Artesunate
MMP1,Artesunate
CLIP4,Artesunate
STRADA,Artesunate
RPL7,Artesunate
HP,Artesunate
STK39,Artesunate
GAD1,Artesunate
SRSF2,Artesunate
NCKAP1,Artesunate
COQ8A,Artesunate
PARP1,Artesunate
FLNA,Artesunate
GCLM,Artesunate
VEGFA,Artesunate
TLR4,Artesunate
RPS6,Artesunate
DBH,Artesunate
G6PD,Artesunate
MTHFD2,Artesunate
NFE2L2,Artesunate
DHFR,Artesunate
RPL41,Artesunate
NACA,Artesunate
AQP2,Perlargonic acid
SDS,Perlargonic acid
N/A,Perlargonic acid
PPARG,Perlargonic acid
ADAD1,Perlargonic acid
CSF2,Perlargonic acid
NOS3,Perlargonic acid
IL7R,Perlargonic acid
CASP3,Perlargonic acid
NOS1,Perlargonic acid
SRR,Perlargonic acid
SDSL,Perlargonic acid
JAK1,Perlargonic acid
ADAR,Perlargonic acid
AVP,Perlargonic acid
PGF,Perlargonic acid
ISOC2,3-HYDROXYBENZOATE
ISOC1,3-HYDROXYBENZOATE
LTF,3-HYDROXYBENZOATE
SQLE,3-HYDROXYBENZOATE
HAAO,3-HYDROXYBENZOATE
MELTF,3-HYDROXYBENZOATE
STX18,3-HYDROXYBENZOATE
SAMD12,3-HYDROXYBENZOATE
COQ6,3-HYDROXYBENZOATE
COX3,3-HYDROXYBENZOATE
KMO,3-HYDROXYBENZOATE
TF,3-HYDROXYBENZOATE
ABCF2-H2BK1,Tetrahydrocoptisine
MPO,Tetrahydrocoptisine
ABCE1,Tetrahydrocoptisine
N/A,Tetrahydrocoptisine
CTU2,Tetrahydrocoptisine
ABCF3,Tetrahydrocoptisine
AADAT,4-HYDROXY-2-QUINOLINECARBOXYLIC ACID
AHR,4-HYDROXY-2-QUINOLINECARBOXYLIC ACID
KYAT3,4-HYDROXY-2-QUINOLINECARBOXYLIC ACID
KYAT1,4-HYDROXY-2-QUINOLINECARBOXYLIC ACID
FGF1,4-HYDROXY-2-QUINOLINECARBOXYLIC ACID
ACMSD,4-HYDROXY-2-QUINOLINECARBOXYLIC ACID
KMO,4-HYDROXY-2-QUINOLINECARBOXYLIC ACID
DDO,4-HYDROXY-2-QUINOLINECARBOXYLIC ACID
ACTR2,4-HYDROXY-2-QUINOLINECARBOXYLIC ACID
CYP1A1,4-HYDROXY-2-QUINOLINECARBOXYLIC ACID
GRIK1,4-HYDROXY-2-QUINOLINECARBOXYLIC ACID
GRIK2,4-HYDROXY-2-QUINOLINECARBOXYLIC ACID
IL6,Ingenol
PRKCG,Ingenol
PTGER4,Ingenol
PRKCA,Ingenol
DHODH,Artemisinin
ACTA2,Artemisinin
UROD,Artemisinin
CDK4,Artemisinin
IL6,Artemisinin
MCOLN1,Artemisinin
MTRR,Artemisinin
ABCB1,Artemisinin
IDI2,Artemisinin
ATG3,Artemisinin
HMGCR,Artemisinin
ACTC1,Artemisinin
KRT83,Artemisinin
NEU3,Artemisinin
NOS3,Artemisinin
TYMS,Artemisinin
NOS2,Artemisinin
BSG,Artemisinin
NOS1,Artemisinin
HIF1A,Artemisinin
RPLP0,Artemisinin
FDPS,Artemisinin
TYW1,Artemisinin
ACTA1,Artemisinin
RABIF,Artemisinin
CYP2C19,Artemisinin
NDOR1,Artemisinin
MAP1LC3A,Artemisinin
G6PD,Artemisinin
IPP,Artemisinin
COL13A1,Artemisinin
DHFR,Artemisinin
POR,Artemisinin
KLHL2,Artemisinin
N/A,Vanillin
GLUD1,Vanillin
CA2,Vanillin
KCNK3,Vanillin
GLUD2,Vanillin
UGT1A10,Vanillin
CBS,Vanillin
MMP9,Vanillin
UGT1A7,Vanillin
UGT1A8,Vanillin
UGT1A3,Vanillin
TRPV3,Vanillin
PRSS21,L-VALINE
CPA1,L-VALINE
PSMA4,L-VALINE
MRPS10,L-VALINE
KLK14,L-VALINE
PSMC4,L-VALINE
PRSS22,L-VALINE
RPS5,L-VALINE
DLD,L-VALINE
PSMD5,L-VALINE
TPSD1,L-VALINE
PSMD8,L-VALINE
ACR,L-VALINE
CTSG,L-VALINE
GZMH,L-VALINE
GZMB,L-VALINE
PSMA3,L-VALINE
PSME2,L-VALINE
PSMD10,L-VALINE
F9,L-VALINE
POLR2C,L-VALINE
PRSS54,L-VALINE
PSMD7,L-VALINE
PLAT,L-VALINE
HGF,L-VALINE
CPA4,L-VALINE
SEC61B,L-VALINE
N/A,L-VALINE
ALDH3A1,L-VALINE
POLR3B,L-VALINE
GZMK,L-VALINE
LNPEP,L-VALINE
AZU1,L-VALINE
PROC,L-VALINE
PRTN3,L-VALINE
TPSG1,L-VALINE
MRPS2,L-VALINE
SEC61A1,L-VALINE
MRPS7,L-VALINE
VIL1,L-VALINE
ALDH1A2,L-VALINE
KLK12,L-VALINE
CMA1,L-VALINE
RPS16,L-VALINE
F12,L-VALINE
ALDH3B2,L-VALINE
AVIL,L-VALINE
MRPS9,L-VALINE
ALDH1L2,L-VALINE
PSMB7,L-VALINE
PSMC1,L-VALINE
PSMA6,L-VALINE
SLC7A5,L-VALINE
PSMD11,L-VALINE
BLMH,L-VALINE
ALDH2,L-VALINE
ARG2,L-VALINE
PSMB1,L-VALINE
HPN,L-VALINE
POLR1B,L-VALINE
APLP2,L-VALINE
ELANE,L-VALINE
POLR1A,L-VALINE
CAPG,L-VALINE
LXN,L-VALINE
GZMM,L-VALINE
PSMD3,L-VALINE
KLKB1,L-VALINE
ALDH8A1,L-VALINE
C1RL,L-VALINE
SLC6A15,L-VALINE
PRSS36,L-VALINE
BCKDHA,L-VALINE
PSMB6,L-VALINE
RPS11,L-VALINE
PSMA5,L-VALINE
RPS27A,L-VALINE
MRPS5,L-VALINE
CORIN,L-VALINE
GZMA,L-VALINE
GGCT,L-VALINE
HABP2,L-VALINE
SLC43A1,L-VALINE
ST14,L-VALINE
PRSS53,L-VALINE
VILL,L-VALINE
TMPRSS11D,L-VALINE
TMPRSS15,L-VALINE
APP,L-VALINE
CELA3A,L-VALINE
PSMB4,L-VALINE
ALDH4A1,L-VALINE
ACE,L-VALINE
PSMC2,L-VALINE
ALDH16A1,L-VALINE
PSME3,L-VALINE
CELA1,L-VALINE
PRSS33,L-VALINE
MRPS18C,L-VALINE
PSMD6,L-VALINE
MASP1,L-VALINE
PRSS12,L-VALINE
RPS23,L-VALINE
ERAP1,L-VALINE
SCIN,L-VALINE
PRSS37,L-VALINE
ALDH1A1,L-VALINE
SEC61A2,L-VALINE
PSMC3,L-VALINE
C2,L-VALINE
TMPRSS5,L-VALINE
PDIA3,L-VALINE
SLC43A2,L-VALINE
KLK1,L-VALINE
RPS9,L-VALINE
CTRB2,L-VALINE
UBB,L-VALINE
SLC6A19,L-VALINE
LRTOMT,L-VALINE
PRSS27,L-VALINE
TMPRSS11E,L-VALINE
F2,L-VALINE
PRSS1,L-VALINE
MRPS12,L-VALINE
PLG,L-VALINE
KLK6,L-VALINE
PSMD1,L-VALINE
PSMD2,L-VALINE
PSMC5,L-VALINE
RPS14,L-VALINE
PSMA8,L-VALINE
KLK10,L-VALINE
POLR2B,L-VALINE
KLK2,L-VALINE
KLK3,L-VALINE
ALDH5A1,L-VALINE
EDNRA,L-VALINE
MRPS11,L-VALINE
BCKDHB,L-VALINE
RPS15A,L-VALINE
PRSS8,L-VALINE
NPEPPS,L-VALINE
SLC7A8,L-VALINE
CALR,L-VALINE
LPA,L-VALINE
BCAT2,L-VALINE
SLC6A18,L-VALINE
CNDP2,L-VALINE
KLK4,L-VALINE
PRSS50,L-VALINE
OVCH1,L-VALINE
IMP3,L-VALINE
PRSS57,L-VALINE
PSMF1,L-VALINE
C1S,L-VALINE
TMPRSS11B,L-VALINE
CFD,L-VALINE
ALDH1A3,L-VALINE
PRSS55,L-VALINE
TMPRSS11A,L-VALINE
TMPRSS6,L-VALINE
EDN3,L-VALINE
KLK5,L-VALINE
CELA3B,L-VALINE
SEC61G,L-VALINE
RPS2,L-VALINE
NBR1,L-VALINE
TPSAB1,L-VALINE
TTN,L-VALINE
UBC,L-VALINE
ALDH3A2,L-VALINE
ENOSF1,L-VALINE
RPSA,L-VALINE
ALDH9A1,L-VALINE
ITGB1BP1,L-VALINE
HP,L-VALINE
SLC25A46,L-VALINE
PSMD12,L-VALINE
TMPRSS11F,L-VALINE
PSMB10,L-VALINE
CELA2A,L-VALINE
HLA-G,L-VALINE
PRSS3,L-VALINE
CTRB1,L-VALINE
COMT,L-VALINE
PSMB5,L-VALINE
PRSS38,L-VALINE
ARG1,L-VALINE
PSMD4,L-VALINE
CTSS,L-VALINE
DBT,L-VALINE
PSMA7,L-VALINE
VEGFA,L-VALINE
MRPS18A,L-VALINE
POLR3A,L-VALINE
PLAU,L-VALINE
MRPS16,L-VALINE
MRPS15,L-VALINE
PSMB2,L-VALINE
GSN,L-VALINE
PROZ,L-VALINE
F10,L-VALINE
F7,L-VALINE
IARS1,L-VALINE
VARS1,L-VALINE
AGMAT,L-VALINE
CELA2B,L-VALINE
CTRC,L-VALINE
TPP2,L-VALINE
HLA-C,L-VALINE
HLA-A,L-VALINE
ALDH1B1,L-VALINE
SLC3A2,L-VALINE
PSME1,L-VALINE
HGFAC,L-VALINE
KLK8,L-VALINE
KLK7,L-VALINE
ALDH1L1,L-VALINE
CFI,L-VALINE
FAM135B,L-VALINE
RPS29,L-VALINE
TMPRSS12,L-VALINE
TMPRSS2,L-VALINE
MRPS6,L-VALINE
MASP2,L-VALINE
PSME4,L-VALINE
F11,L-VALINE
PSMB11,L-VALINE
PSMD14,L-VALINE
ALDH7A1,L-VALINE
IFFO2,L-VALINE
UBA52,L-VALINE
RPS18,L-VALINE
PSMD13,L-VALINE
HLA-B,L-VALINE
ERAP2,L-VALINE
PRSS48,L-VALINE
PSMC6,L-VALINE
PVR,L-VALINE
POLR2F,L-VALINE
FAM135A,L-VALINE
TMPRSS7,L-VALINE
NLE1,L-VALINE
MST1,L-VALINE
BDNF,L-VALINE
PSMA1,L-VALINE
TMPRSS4,L-VALINE
CFB,L-VALINE
PCCB,L-VALINE
MRPS14,L-VALINE
RPS20,L-VALINE
RPS3,L-VALINE
TMPRSS13,L-VALINE
RPS13,L-VALINE
PSMD9,L-VALINE
VARS2,L-VALINE
HPR,L-VALINE
BCAT1,L-VALINE
PRSS58,L-VALINE
CTRL,L-VALINE
RPS15,L-VALINE
KLK15,L-VALINE
KLK13,L-VALINE
KLK11,L-VALINE
PRSS21,Isoleucine
OTC,Isoleucine
PSMA4,Isoleucine
KLK14,Isoleucine
PSMC4,Isoleucine
PRSS22,Isoleucine
DLD,Isoleucine
PSMD5,Isoleucine
TPSD1,Isoleucine
PSMD8,Isoleucine
ACR,Isoleucine
CTSG,Isoleucine
GZMH,Isoleucine
GZMB,Isoleucine
PSMA3,Isoleucine
PSME2,Isoleucine
PSMD10,Isoleucine
F9,Isoleucine
POLR2C,Isoleucine
PRSS54,Isoleucine
PSMD7,Isoleucine
PLAT,Isoleucine
DCTN6,Isoleucine
KCTD9,Isoleucine
HGF,Isoleucine
AIMP2,Isoleucine
SEC61B,Isoleucine
N/A,Isoleucine
RPS6KB1,Isoleucine
SPI1,Isoleucine
POLR3B,Isoleucine
GZMK,Isoleucine
LNPEP,Isoleucine
RARS1,Isoleucine
AZU1,Isoleucine
PROC,Isoleucine
PRTN3,Isoleucine
TPSG1,Isoleucine
TTR,Isoleucine
SEC61A1,Isoleucine
VIL1,Isoleucine
KLK12,Isoleucine
CMA1,Isoleucine
F12,Isoleucine
PSMB7,Isoleucine
PSMC1,Isoleucine
PSMA6,Isoleucine
SLC7A5,Isoleucine
PSMD11,Isoleucine
BLMH,Isoleucine
ARG2,Isoleucine
MARS1,Isoleucine
PSMB1,Isoleucine
HPN,Isoleucine
POLR1B,Isoleucine
APLP2,Isoleucine
ELANE,Isoleucine
POLR1A,Isoleucine
LCAT,Isoleucine
DARS1,Isoleucine
GZMM,Isoleucine
PSMD3,Isoleucine
KLKB1,Isoleucine
LARS2,Isoleucine
C1RL,Isoleucine
SLC6A15,Isoleucine
PRSS36,Isoleucine
BCKDHA,Isoleucine
PSMB6,Isoleucine
PSMA5,Isoleucine
RPS27A,Isoleucine
CORIN,Isoleucine
GZMA,Isoleucine
GGCT,Isoleucine
HABP2,Isoleucine
SLC43A1,Isoleucine
ST14,Isoleucine
PRSS53,Isoleucine
TMPRSS11D,Isoleucine
TMPRSS15,Isoleucine
APP,Isoleucine
CELA3A,Isoleucine
PSMB4,Isoleucine
PSMC2,Isoleucine
PSME3,Isoleucine
CELA1,Isoleucine
PRSS33,Isoleucine
HPGDS,Isoleucine
PSMD6,Isoleucine
MASP1,Isoleucine
PRSS12,Isoleucine
ERAP1,Isoleucine
PRSS37,Isoleucine
SEC61A2,Isoleucine
PSMC3,Isoleucine
C2,Isoleucine
TMPRSS5,Isoleucine
DCTN5,Isoleucine
PDIA3,Isoleucine
SLC43A2,Isoleucine
KLK1,Isoleucine
CTRB2,Isoleucine
UBB,Isoleucine
SLC6A19,Isoleucine
PRSS27,Isoleucine
TMPRSS11E,Isoleucine
QARS1,Isoleucine
F2,Isoleucine
PRSS1,Isoleucine
PLG,Isoleucine
KLK6,Isoleucine
PSMD1,Isoleucine
ACO1,Isoleucine
PSMD2,Isoleucine
PSMC5,Isoleucine
PSMA8,Isoleucine
KLK10,Isoleucine
CD84,Isoleucine
POLR2B,Isoleucine
KLK2,Isoleucine
KLK3,Isoleucine
EDNRA,Isoleucine
BCKDHB,Isoleucine
PRSS8,Isoleucine
NPEPPS,Isoleucine
SLC7A8,Isoleucine
CALR,Isoleucine
LPA,Isoleucine
BCAT2,Isoleucine
SLC6A18,Isoleucine
KARS1,Isoleucine
CNDP2,Isoleucine
KLK4,Isoleucine
PRSS50,Isoleucine
OVCH1,Isoleucine
PRSS57,Isoleucine
PSMF1,Isoleucine
C1S,Isoleucine
TMPRSS11B,Isoleucine
CFD,Isoleucine
PRSS55,Isoleucine
TMPRSS11A,Isoleucine
TMPRSS6,Isoleucine
KLK5,Isoleucine
CELA3B,Isoleucine
ACACB,Isoleucine
SEC61G,Isoleucine
IL4I1,Isoleucine
TPSAB1,Isoleucine
CBS,Isoleucine
UBC,Isoleucine
ENOSF1,Isoleucine
RET,Isoleucine
HP,Isoleucine
PSMD12,Isoleucine
TMPRSS11F,Isoleucine
DYNC1H1,Isoleucine
PSMB10,Isoleucine
CELA2A,Isoleucine
HLA-G,Isoleucine
PRSS3,Isoleucine
CTRB1,Isoleucine
STAT1,Isoleucine
PSMB5,Isoleucine
PRSS38,Isoleucine
EPRS1,Isoleucine
TRAF3IP3,Isoleucine
SLAMF6,Isoleucine
ACADSB,Isoleucine
PSMD4,Isoleucine
CTSS,Isoleucine
DBT,Isoleucine
PSMA7,Isoleucine
VEGFA,Isoleucine
POLR3A,Isoleucine
PLAU,Isoleucine
PSMB2,Isoleucine
HMGCL,Isoleucine
PROZ,Isoleucine
F10,Isoleucine
F7,Isoleucine
IARS1,Isoleucine
CELA2B,Isoleucine
CTRC,Isoleucine
TPP2,Isoleucine
HLA-C,Isoleucine
HLA-A,Isoleucine
SLC3A2,Isoleucine
EEF1E1,Isoleucine
PSME1,Isoleucine
HGFAC,Isoleucine
SRY,Isoleucine
HYKK,Isoleucine
KIR3DL1,Isoleucine
KLK8,Isoleucine
KLK7,Isoleucine
DBH,Isoleucine
LARS1,Isoleucine
CFI,Isoleucine
AIMP1,Isoleucine
PTHLH,Isoleucine
ADHFE1,Isoleucine
TMPRSS12,Isoleucine
TMPRSS2,Isoleucine
HMGCLL1,Isoleucine
MASP2,Isoleucine
PSME4,Isoleucine
F11,Isoleucine
PSMB11,Isoleucine
PSMD14,Isoleucine
UBA52,Isoleucine
PSMD13,Isoleucine
HLA-B,Isoleucine
ERAP2,Isoleucine
PRSS48,Isoleucine
PSMC6,Isoleucine
PVR,Isoleucine
POLR2F,Isoleucine
TMPRSS7,Isoleucine
MST1,Isoleucine
PSMA1,Isoleucine
TMPRSS4,Isoleucine
CFB,Isoleucine
TMPRSS13,Isoleucine
PSMD9,Isoleucine
HPR,Isoleucine
BCAT1,Isoleucine
PRSS58,Isoleucine
CTRL,Isoleucine
KLK15,Isoleucine
KLK13,Isoleucine
KLK11,Isoleucine
CFTR,L-HISTIDINE
NME1,L-HISTIDINE
PSMA4,L-HISTIDINE
PSMC4,L-HISTIDINE
PSMD5,L-HISTIDINE
SIRT1,L-HISTIDINE
PSMD8,L-HISTIDINE
PSMA3,L-HISTIDINE
PSME2,L-HISTIDINE
PSMD10,L-HISTIDINE
PSMD7,L-HISTIDINE
HMOX2,L-HISTIDINE
GSR,L-HISTIDINE
HAMP,L-HISTIDINE
PON1,L-HISTIDINE
PALS2,L-HISTIDINE
SEC61B,L-HISTIDINE
ACTA2,L-HISTIDINE
N/A,L-HISTIDINE
LAP3,L-HISTIDINE
SLC15A3,L-HISTIDINE
CLEC2B,L-HISTIDINE
GAPDH,L-HISTIDINE
HARS2,L-HISTIDINE
LNPEP,L-HISTIDINE
HEMK1,L-HISTIDINE
ATIC,L-HISTIDINE
MSX2,L-HISTIDINE
CAT,L-HISTIDINE
SEC61A1,L-HISTIDINE
VIL1,L-HISTIDINE
SIRT2,L-HISTIDINE
CARD10,L-HISTIDINE
H3-3B,L-HISTIDINE
CLEC10A,L-HISTIDINE
DPH2,L-HISTIDINE
AVIL,L-HISTIDINE
PSMB7,L-HISTIDINE
HAL,L-HISTIDINE
LYZ,L-HISTIDINE
PSMC1,L-HISTIDINE
PSMA6,L-HISTIDINE
SLC7A5,L-HISTIDINE
PALS1,L-HISTIDINE
PSMD11,L-HISTIDINE
BLMH,L-HISTIDINE
PSMB1,L-HISTIDINE
METTL2B,L-HISTIDINE
DPH1,L-HISTIDINE
LIG1,L-HISTIDINE
TYR,L-HISTIDINE
EIF2AK4,L-HISTIDINE
CAPG,L-HISTIDINE
BCHE,L-HISTIDINE
PSMD3,L-HISTIDINE
PRDX5,L-HISTIDINE
SLC15A4,L-HISTIDINE
HDC,L-HISTIDINE
MPP2,L-HISTIDINE
SLC39A6,L-HISTIDINE
PSMB6,L-HISTIDINE
PSMA5,L-HISTIDINE
RPS27A,L-HISTIDINE
ZKSCAN7,L-HISTIDINE
GGCT,L-HISTIDINE
DIP2C,L-HISTIDINE
VILL,L-HISTIDINE
CA2,L-HISTIDINE
LRGUK,L-HISTIDINE
ACTR1B,L-HISTIDINE
ACTC1,L-HISTIDINE
PSMB4,L-HISTIDINE
PSMC2,L-HISTIDINE
PSME3,L-HISTIDINE
DCD,L-HISTIDINE
ACTG2,L-HISTIDINE
ALPG,L-HISTIDINE
ALB,L-HISTIDINE
PSMD6,L-HISTIDINE
ERAP1,L-HISTIDINE
SCIN,L-HISTIDINE
NGB,L-HISTIDINE
SEC61A2,L-HISTIDINE
PSMC3,L-HISTIDINE
SCG5,L-HISTIDINE
PDIA3,L-HISTIDINE
ACSF2,L-HISTIDINE
DIP2B,L-HISTIDINE
LGALS4,L-HISTIDINE
HINT1,L-HISTIDINE
UBB,L-HISTIDINE
LRTOMT,L-HISTIDINE
GLUL,L-HISTIDINE
EEF2,L-HISTIDINE
PSMD1,L-HISTIDINE
ACO1,L-HISTIDINE
PSMD2,L-HISTIDINE
PSMC5,L-HISTIDINE
PSMA8,L-HISTIDINE
DTD2,L-HISTIDINE
AOC3,L-HISTIDINE
PFAS,L-HISTIDINE
TYMS,L-HISTIDINE
PKM,L-HISTIDINE
NPEPPS,L-HISTIDINE
SLC7A8,L-HISTIDINE
ACSF3,L-HISTIDINE
CALR,L-HISTIDINE
CNDP2,L-HISTIDINE
MDH2,L-HISTIDINE
PSMF1,L-HISTIDINE
TSPO,L-HISTIDINE
EML1,L-HISTIDINE
MPP7,L-HISTIDINE
SEC61G,L-HISTIDINE
CYB5A,L-HISTIDINE
ATP13A5,L-HISTIDINE
CARD14,L-HISTIDINE
UBC,L-HISTIDINE
DLG1,L-HISTIDINE
H4C11,L-HISTIDINE
TAT,L-HISTIDINE
PSMD12,L-HISTIDINE
DCTD,L-HISTIDINE
DDC,L-HISTIDINE
H4C16,L-HISTIDINE
GAD1,L-HISTIDINE
PSMB10,L-HISTIDINE
CNDP1,L-HISTIDINE
PRDM10,L-HISTIDINE
MB,L-HISTIDINE
HLA-G,L-HISTIDINE
CYTB,L-HISTIDINE
MINDY1,L-HISTIDINE
ND4,L-HISTIDINE
WDTC1,L-HISTIDINE
PSMB5,L-HISTIDINE
ACTA1,L-HISTIDINE
GUK1,L-HISTIDINE
PARP1,L-HISTIDINE
ANGEL2,L-HISTIDINE
VIP,L-HISTIDINE
PSMD4,L-HISTIDINE
CTSS,L-HISTIDINE
MPP1,L-HISTIDINE
ACTR1A,L-HISTIDINE
DPH5,L-HISTIDINE
PSMA7,L-HISTIDINE
PATJ,L-HISTIDINE
VEGFA,L-HISTIDINE
DLG5,L-HISTIDINE
CTSA,L-HISTIDINE
PSMB2,L-HISTIDINE
GSN,L-HISTIDINE
DLG3,L-HISTIDINE
ALPL,L-HISTIDINE
TPP2,L-HISTIDINE
DLG2,L-HISTIDINE
HLA-C,L-HISTIDINE
HLA-A,L-HISTIDINE
DTD1,L-HISTIDINE
H4C2,L-HISTIDINE
H4C3,L-HISTIDINE
SLC3A2,L-HISTIDINE
MYC,L-HISTIDINE
CASK,L-HISTIDINE
APTX,L-HISTIDINE
GTF3A,L-HISTIDINE
TH,L-HISTIDINE
PSME1,L-HISTIDINE
UROC1,L-HISTIDINE
METTL6,L-HISTIDINE
ALPP,L-HISTIDINE
NME1-NME2,L-HISTIDINE
MPP3,L-HISTIDINE
PAICS,L-HISTIDINE
PSME4,L-HISTIDINE
MAGI1,L-HISTIDINE
PSMB11,L-HISTIDINE
PSMD14,L-HISTIDINE
MPP4,L-HISTIDINE
CREB1,L-HISTIDINE
UBA52,L-HISTIDINE
CARNS1,L-HISTIDINE
CHD7,L-HISTIDINE
DIP2A,L-HISTIDINE
DHFR,L-HISTIDINE
PSMD13,L-HISTIDINE
HLA-B,L-HISTIDINE
ERAP2,L-HISTIDINE
PSMC6,L-HISTIDINE
PVR,L-HISTIDINE
ZDHHC17,L-HISTIDINE
PSMA1,L-HISTIDINE
NME6,L-HISTIDINE
ACTBL2,L-HISTIDINE
MUC4,L-HISTIDINE
PPIA,L-HISTIDINE
HARS1,L-HISTIDINE
IGLL5,L-HISTIDINE
PSMD9,L-HISTIDINE
HPR,L-HISTIDINE
MGAM,L-HISTIDINE
GALK2,L-HISTIDINE
PYGM,6-CARBOXYHEXANOATE
PYGL,6-CARBOXYHEXANOATE
PYGB,6-CARBOXYHEXANOATE
OGDH,6-CARBOXYHEXANOATE
DNPEP,6-CARBOXYHEXANOATE
METAP1,6-CARBOXYHEXANOATE
METAP1D,6-CARBOXYHEXANOATE
SLC25A21,6-CARBOXYHEXANOATE
HLCS,6-CARBOXYHEXANOATE
GCAT,6-CARBOXYHEXANOATE
GBE1,6-CARBOXYHEXANOATE
PTRH1,6-CARBOXYHEXANOATE
ISOC2,Salicylic acid
ISOC1,Salicylic acid
SLC22A4,Salicylic acid
R3HDML,Salicylic acid
MPO,Salicylic acid
N/A,Salicylic acid
IL4,Salicylic acid
PRTN3,Salicylic acid
CAT,Salicylic acid
PEPD,Salicylic acid
CDKN1A,Salicylic acid
SLC22A5,Salicylic acid
ALOX12,Salicylic acid
CYP2E1,Salicylic acid
NARS1,Salicylic acid
IL6,Salicylic acid
PI15,Salicylic acid
VWF,Salicylic acid
SCARB1,Salicylic acid
CRISPLD1,Salicylic acid
CRISPLD2,Salicylic acid
SELP,Salicylic acid
DARS1,Salicylic acid
CUL3,Salicylic acid
GLIPR1,Salicylic acid
METTL21C,Salicylic acid
TP53,Salicylic acid
SLC22A3,Salicylic acid
SLC22A9,Salicylic acid
NARS2,Salicylic acid
TMPRSS11D,Salicylic acid
SLC26A2,Salicylic acid
CLEC18A,Salicylic acid
ALB,Salicylic acid
ANXA5,Salicylic acid
METTL27,Salicylic acid
GHDC,Salicylic acid
SLC22A11,Salicylic acid
GUSB,Salicylic acid
CES3,Salicylic acid
SLC26A5,Salicylic acid
CEBPB,Salicylic acid
PCBP1,Salicylic acid
CYCS,Salicylic acid
GLUL,Salicylic acid
HPSE,Salicylic acid
SLC26A7,Salicylic acid
NLRP6,Salicylic acid
GLIPR1L1,Salicylic acid
CASP3,Salicylic acid
GLIPR1L2,Salicylic acid
CES2,Salicylic acid
YME1L1,Salicylic acid
PCBP4,Salicylic acid
CLEC18C,Salicylic acid
ACSM2B,Salicylic acid
LEPR,Salicylic acid
HIF1A,Salicylic acid
CRISP1,Salicylic acid
CRISP2,Salicylic acid
GLYAT,Salicylic acid
CLEC18B,Salicylic acid
SLC26A9,Salicylic acid
CHIA,Salicylic acid
CTSB,Salicylic acid
PRMT7,Salicylic acid
UGT1A10,Salicylic acid
SLC26A3,Salicylic acid
SLC26A8,Salicylic acid
ZNF346,Salicylic acid
PCBP2,Salicylic acid
CES1,Salicylic acid
PTGS1,Salicylic acid
SLC26A1,Salicylic acid
SLC26A11,Salicylic acid
PARP1,Salicylic acid
CHIT1,Salicylic acid
PTGS2,Salicylic acid
ATF6,Salicylic acid
NPR1,Salicylic acid
NFKB2,Salicylic acid
SLC22A7,Salicylic acid
UGT1A7,Salicylic acid
UGT1A8,Salicylic acid
PI16,Salicylic acid
GSN,Salicylic acid
TRIM63,Salicylic acid
AOX1,Salicylic acid
SLC22A12,Salicylic acid
SLC22A6,Salicylic acid
GLIPR2,Salicylic acid
NDUFAF5,Salicylic acid
XDH,Salicylic acid
RPS6KA3,Salicylic acid
ALOX15B,Salicylic acid
IFNB1,Salicylic acid
AKR1C3,Salicylic acid
AKR1C2,Salicylic acid
AKR1C1,Salicylic acid
FECH,Salicylic acid
TRIM71,Salicylic acid
ALKBH8,Salicylic acid
SLC26A6,Salicylic acid
PCBP3,Salicylic acid
CRISP3,Salicylic acid
BAHD1,Salicylic acid
MAVS,Salicylic acid
IL10,Salicylic acid
UGT1A3,Salicylic acid
CES5A,Salicylic acid
IKBKB,Salicylic acid
HSF1,Salicylic acid
TRMT9B,Salicylic acid
CES4A,Salicylic acid
TDO2,Salicylic acid
ANTKMT,Salicylic acid
RAD51D,Salicylic acid
ISOC2,"2,3-DIHYDROXYBENZOATE"
ISOC1,"2,3-DIHYDROXYBENZOATE"
MMP2,"2,3-DIHYDROXYBENZOATE"
ARMC1,"2,3-DIHYDROXYBENZOATE"
LCN2,"2,3-DIHYDROXYBENZOATE"
BDH2,"2,3-DIHYDROXYBENZOATE"
SAMD12,"2,3-DIHYDROXYBENZOATE"
ACMSD,"2,3-DIHYDROXYBENZOATE"
N/A,"2,3-DIHYDROXYBENZOATE"
ANGPT1,"2,3-DIHYDROXYBENZOATE"
ALDH2,3-Hydroxybenzaldehyde
ALDH5A1,3-Hydroxybenzaldehyde
ADSL,"3,4-dihydroxybenzoic acid"
AHCY,"3,4-dihydroxybenzoic acid"
DHODH,"3,4-dihydroxybenzoic acid"
MPO,"3,4-dihydroxybenzoic acid"
CAT,"3,4-dihydroxybenzoic acid"
TEPSIN,"3,4-dihydroxybenzoic acid"
COX1,"3,4-dihydroxybenzoic acid"
COMT,"3,4-dihydroxybenzoic acid"
DPYD,"3,4-dihydroxybenzoic acid"
NR5A1,"3,4-dihydroxybenzoic acid"
NR0B1,"3,4-dihydroxybenzoic acid"
